,prog_mass,final_mass
0,0.00182217952340555,0.24642686017730586
