,prog_mass,final_mass
0,0.038856650841922816,0.7145584200879479
1,0.03596842917904856,0.7145584200879479
2,0.03894278311253136,0.7145584200879479
3,0.038913549029026634,0.7145584200879479
