,prog_mass,final_mass
0,0.0015966121937646357,0.22028350544765596
